{
  "molecule": "Oxepine",
  "formula": "C6H6O",
  "pubchem_cid": 6451477,
  "smiles": "C1=CC=COC=C1",
  "analysis_date": "2025-08-20",
  "method": "Huckel_Method",
  "parameters": {
    "alpha_0": 0.0,
    "beta_0": -2.5,
    "h_O": 2.0,
    "h_C": 0.0,
    "k_CO": 0.8,
    "k_CC_single": 0.9,
    "k_CC_double": 1.1
  },
  "structure": {
    "n_atoms": 7,
    "n_electrons": 8,
    "elements": [
      "O",
      "C",
      "C",
      "C",
      "C",
      "C",
      "C"
    ],
    "bonds": [
      [
        1,
        7,
        0.8
      ],
      [
        1,
        2,
        0.8
      ],
      [
        2,
        3,
        1.1
      ],
      [
        3,
        4,
        0.9
      ],
      [
        4,
        5,
        1.1
      ],
      [
        5,
        6,
        0.9
      ],
      [
        6,
        7,
        1.1
      ]
    ]
  },
  "results": {
    "mo_energies_eV": [
      -6.56297450230871,
      -4.15582561460604,
      -3.207513026283997,
      -0.6442253284922943,
      1.4330561125070282,
      3.613025445407063,
      4.524456913777009
    ],
    "homo_energy_eV": -0.6442253284922943,
    "lumo_energy_eV": 1.4330561125070282,
    "homo_lumo_gap_eV": 2.0772814409993225,
    "homo_index": 3,
    "lumo_index": 4,
    "pi_populations": [
      1.9010501008239424,
      0.9326893754624508,
      1.095474052958543,
      1.0213115211670347,
      1.0213115211670347,
      1.0954740529585432,
      0.9326893754624509
    ],
    "pi_charges": [
      0.09894989917605757,
      0.06731062453754921,
      -0.09547405295854294,
      -0.02131152116703472,
      -0.02131152116703472,
      -0.09547405295854317,
      0.0673106245375491
    ],
    "bond_orders": {
      "1-7": 0.21306449985596038,
      "1-2": 0.21306449985596038,
      "2-3": 0.9044054241332526,
      "3-4": 0.3556933262616404,
      "4-5": 0.8693837888353158,
      "5-6": 0.3556933262616406,
      "6-7": 0.9044054241332529
    }
  },
  "interpretation": {
    "aromaticity": "non-aromatic",
    "electron_count": "8 (4n, n=2)",
    "ring_size": "7-membered",
    "bond_pattern": "alternating",
    "most_nucleophilic_sites": [
      "C2",
      "C7"
    ],
    "most_electrophilic_sites": [
      "C7",
      "C2",
      "C5"
    ],
    "most_positive_charge": "O1 (+0.099)",
    "most_negative_charge": "C3, C6 (-0.095)"
  },
  "validation": {
    "electron_conservation": 7.999999999999999,
    "charge_conservation": 3.3306690738754696e-16,
    "density_matrix_symmetric": true,
    "hamiltonian_symmetric": true
  }
}