{
  "molecule_name": "Oxepin",
  "input_smiles": "C1=CC=COC=C1",
  "energy": -29.14107694338212,
  "homo_energy": -0.6442253284922987,
  "lumo_energy": 1.4330561125070234,
  "homo_lumo_gap": 2.077281440999322,
  "molecular_orbitals": [
    [
      -0.10167627760598479,
      -0.561725146480491,
      0.19488954072224796,
      0.3831456927648416,
      -0.43817964729804953,
      -0.16530629903125962,
      0.5196312765902636
    ],
    [
      -0.10167627760598502,
      -0.5617251464804882,
      -0.19488954072225226,
      0.383145692764842,
      0.43817964729804987,
      -0.16530629903126118,
      -0.519631276590264
    ],
    [
      -0.17230624622279353,
      -0.35097226635137674,
      -0.5160253233508095,
      -0.3585859979206541,
      0.25647022583688855,
      0.4674880831208788,
      0.4098059161601627
    ],
    [
      -0.32802540943100317,
      -0.07079925634119773,
      -0.44242053815093796,
      -0.3974865421905712,
      -0.49216015681171615,
      -0.4789480606981711,
      -0.2490832139452639
    ],
    [
      -0.8394901105461862,
      0.3354721847342382,
      2.6931877870971594e-15,
      0.36502029803390523,
      -3.8157335859308703e-16,
      0.22242965087422145,
      -2.9427755152914836e-16
    ],
    [
      -0.3280254094310019,
      -0.07079925634120185,
      0.4424205381509373,
      -0.39748654219057167,
      0.4921601568117154,
      -0.47894806069817175,
      0.24908321394526442
    ],
    [
      -0.17230624622279261,
      -0.350972266351383,
      0.5160253233508051,
      -0.35858599792065593,
      -0.2564702258368869,
      0.4674880831208795,
      -0.40980591616016304
    ]
  ],
  "orbital_energies": [
    -6.562974502308722,
    -4.155825614606036,
    -3.207513026284003,
    -0.6442253284922987,
    1.4330561125070234,
    3.6130254454070654,
    4.5244569137770085
  ],
  "calculation_method": "H\u00fcckel (Avan\u00e7ado)",
  "success": true,
  "error_message": "",
  "connectivity": {
    "0": [
      1,
      6
    ],
    "1": [
      0,
      2
    ],
    "2": [
      1,
      3
    ],
    "3": [
      2,
      4
    ],
    "4": [
      3,
      5
    ],
    "5": [
      4,
      6
    ],
    "6": [
      5,
      0
    ]
  },
  "atom_populations": [
    1.0213115211670352,
    1.021311521167033,
    1.0954740529585412,
    0.9326893754624525,
    1.9010501008239433,
    0.9326893754624513,
    1.0954740529585427
  ],
  "pi_charges": [
    -0.021311521167035163,
    -0.021311521167032943,
    -0.09547405295854117,
    0.06731062453754755,
    0.09894989917605668,
    0.06731062453754866,
    -0.09547405295854272
  ],
  "bond_orders": {
    "0-1": 0.8693837888353155,
    "0-6": 0.35569332626164096,
    "1-2": 0.3556933262616395,
    "2-3": 0.9044054241332529,
    "3-4": 0.21306449985595977,
    "4-5": 0.2130644998559592,
    "5-6": 0.9044054241332529
  },
  "pi_atoms": [
    0,
    1,
    2,
    3,
    4,
    5,
    6
  ],
  "num_pi_electrons": 8,
  "num_occupied_orbitals": 4,
  "homo_index": 3,
  "lumo_index": 4,
  "somo_index": null,
  "somo_energy": null,
  "huckel_matrix": [
    [
      0.0,
      -2.75,
      0.0,
      0.0,
      0.0,
      0.0,
      -2.25
    ],
    [
      -2.75,
      0.0,
      -2.25,
      0.0,
      0.0,
      0.0,
      0.0
    ],
    [
      0.0,
      -2.25,
      0.0,
      -2.75,
      0.0,
      0.0,
      0.0
    ],
    [
      0.0,
      0.0,
      -2.75,
      0.0,
      -2.0,
      0.0,
      0.0
    ],
    [
      0.0,
      0.0,
      0.0,
      -2.0,
      -5.0,
      -2.0,
      0.0
    ],
    [
      0.0,
      0.0,
      0.0,
      0.0,
      -2.0,
      0.0,
      -2.75
    ],
    [
      -2.25,
      0.0,
      0.0,
      0.0,
      0.0,
      -2.75,
      0.0
    ]
  ],
  "planarity_status": "quase-planar",
  "planarity_rms": 0.1429188115188434,
  "planarity_max_dev": 0.24759546301430588,
  "planarity_method": "3D-embutido",
  "export_timestamp": "2025-08-24T19:54:04.292610",
  "pipeline_version": "1.2.0 (Completo)"
}