{
  "molecule_name": "Triazatriphenylene",
  "input_smiles": "C1=CC=C2C(=C1)C3=CC=CC=C3C4=NN=NC=C24",
  "energy": -61.63344738384886,
  "homo_energy": -1.2499999999999996,
  "lumo_energy": -0.6791685736638806,
  "homo_lumo_gap": 0.5708314263361189,
  "molecular_orbitals": [
    [
      0.12461832598846036,
      -0.25514926483825295,
      -0.2512460500935948,
      -0.13353192575376935,
      0.2965860073804522,
      -0.42849786018832575,
      -0.12229796548238832,
      0.044282192455343185,
      0.0,
      0.25879913508244046,
      0.04761638161229769,
      -0.12851097196969752,
      -0.39485151717104283,
      -0.30566858867102087,
      0.22486010900096187,
      0.284914663890322,
      -0.25515669537919305,
      0.13408441163980125
    ],
    [
      0.1240197457958905,
      -0.2876551685585735,
      -0.185247185950573,
      -0.09314034558076582,
      0.45105051680585956,
      -0.07339445588852021,
      -0.10005113260759825,
      -0.370887713414284,
      1.834340881563204e-16,
      0.02894762420422336,
      0.20080800172974622,
      0.3258826501223531,
      -0.053791792419890995,
      0.21082740095158187,
      -0.4068126076728708,
      -0.20319190043036647,
      0.2888780489037538,
      -0.13245255540075088
    ],
    [
      0.18819802315300538,
      -0.31287828479688734,
      -0.09576063205002723,
      0.002098037353250873,
      0.29584976769229565,
      0.34828703564831526,
      0.03296913497742517,
      -0.3210337274304042,
      1.8659966582212833e-16,
      -0.2509350084257449,
      -0.16170771589063765,
      -0.1284485842147227,
      0.4451585715899357,
      0.04424035313637555,
      0.3096127526816361,
      0.07782554454218588,
      -0.31310037502293614,
      0.19709068508869734
    ],
    [
      0.35067416798823897,
      -0.3301800204901258,
      0.005867515284361822,
      0.09610096598246108,
      -0.06246436093782748,
      0.45402797878541024,
      0.12948702397171072,
      0.13133656725407752,
      -6.818037532892156e-17,
      -0.09711849290616188,
      -0.10893193648262785,
      -0.22460051319379867,
      -0.3625285322720624,
      -0.2656859127373834,
      4.150270198574543e-05,
      0.06425696164189622,
      0.32702718352053417,
      -0.36033919558547
    ],
    [
      0.35539359139792104,
      -0.1717445509640512,
      -0.28334746711752695,
      -0.0009377356975060426,
      -0.37736016386722493,
      -0.0030769701944002286,
      0.11413714624508225,
      0.2571254377517361,
      -1.865996658221284e-16,
      -0.24756305942306356,
      0.08184586620075514,
      0.30557043668218237,
      -0.0008056148063788702,
      0.09709268201390293,
      -0.3712050138719706,
      0.2603609450188723,
      -0.16392816352199083,
      0.3729893126086164
    ],
    [
      0.19030640865364476,
      -0.21618355063957892,
      -0.2853891575776389,
      -0.09529163969899893,
      -0.06149734124925566,
      -0.39489931730249056,
      -0.009140377222929407,
      0.40393050316123946,
      -1.8343408815632042e-16,
      0.04135967157153122,
      -0.2278617867625014,
      -0.22455132024098728,
      0.42306405251956675,
      0.16820492328118075,
      0.11139003799517237,
      -0.30544060089549924,
      0.21304515626846154,
      -0.2028027204241743
    ],
    [
      0.3554325312541595,
      0.20722265829249017,
      -0.25124736212488574,
      -0.002132600834858716,
      -0.37168491129076764,
      -0.06249139935446718,
      -0.01844137565870008,
      -0.34340344968803316,
      1.3636075065784314e-16,
      -0.011495998649460033,
      0.29029206992666284,
      0.20820852527323497,
      -0.059782094751122734,
      -0.022914976284751247,
      0.376259849129724,
      -0.2236153181054116,
      -0.21760637772330949,
      -0.36945444884051415
    ],
    [
      0.19033059005738864,
      0.24662601424827993,
      -0.23705986285262232,
      0.23746838642929097,
      -0.11709663719385617,
      0.06512284345414159,
      -0.45408662120665155,
      -0.22443568917218215,
      2.496234225887319e-16,
      0.14038700260927506,
      0.026277361257769267,
      -0.4670034283592196,
      -0.043970760901070695,
      0.3291283531585719,
      -0.061729034799495555,
      0.2360198308119394,
      0.2595189916198899,
      0.2005656074027297
    ],
    [
      0.12464037914900127,
      0.27978534942632927,
      -0.1928152888449332,
      0.33723328363760524,
      0.21788343134653015,
      0.13366240139556035,
      -0.38698158921095993,
      0.1759324895157644,
      4.27023706576719e-17,
      0.04963457477869623,
      -0.3052218495240311,
      0.16002523507802519,
      0.10090434336896721,
      -0.3852077072104089,
      -0.29515987027970536,
      -0.19772963925556686,
      -0.2928979768002403,
      -0.13202575462585264
    ],
    [
      0.1240511893180262,
      0.30586114339543313,
      -0.12412345718170402,
      0.23841434183619434,
      0.4032773081293272,
      0.08095319588894531,
      0.1085771612913367,
      0.3557141995257592,
      -1.7250131446514834e-16,
      -0.1269029052665318,
      0.1471378799832929,
      0.3408229969415943,
      -0.05039680085149374,
      0.14853333007534358,
      0.4495118555549258,
      0.11696909445986173,
      0.3166457493662604,
      0.12954234654786534
    ],
    [
      0.18825528032918118,
      0.3241932151935968,
      -0.03969387900990975,
      -0.0007977271385290475,
      0.31180425486375446,
      -0.04519083344410385,
      0.4839227290553598,
      0.08949676891107353,
      -1.739348132700103e-16,
      -0.08410996084416289,
      0.22162380111173208,
      -0.42876530454375017,
      -0.05377234629432282,
      0.20102478684798405,
      -0.29541152123402314,
      -0.011084755484898685,
      -0.3299814236006791,
      -0.1918728596260465
    ],
    [
      0.3507871448622158,
      0.334317437637988,
      0.04976852873321297,
      -0.23954004497854187,
      0.006264391787843656,
      -0.13034104090148405,
      0.3234844287640893,
      -0.2889328873506063,
      3.786377610331409e-17,
      0.10405296841154894,
      -0.2730559457917695,
      -0.002740124712975953,
      0.10068566890304051,
      -0.39780621911724706,
      -0.06139841425538699,
      -0.09718047834623232,
      0.3324664894280378,
      0.3502031189433133
    ],
    [
      0.341106406283802,
      0.12875482969784177,
      0.38416809336611485,
      -0.3350937510962324,
      0.06810867006608663,
      -0.03476398109517726,
      -0.1766641760700015,
      0.03830875939276633,
      4.978533932303553e-17,
      0.12387376195025243,
      -0.3567760513117658,
      0.22271737674286113,
      0.019391387597262652,
      0.3151741623887233,
      -0.00018272031394575658,
      0.4081876333612467,
      -0.10641285399129913,
      -0.31429605296853375
    ],
    [
      0.16867160063120515,
      0.0873102198591497,
      0.27975939147816775,
      -0.3677749383781537,
      0.08372736521998886,
      -0.05863646484346131,
      -0.449719667468964,
      0.15560847066148353,
      1.6107174548548667e-17,
      -0.5425146384517202,
      0.334009529303331,
      -0.17284967048880825,
      -0.013511109198149397,
      -0.1811334609836307,
      0.0001007386180062239,
      -0.17862149955410822,
      0.04313246257590778,
      0.1047538283627716
    ],
    [
      0.0,
      0.0,
      0.0,
      0.0,
      5.551115123125783e-17,
      5.551115123125783e-17,
      -1.6653345369377348e-16,
      -2.7755575615628914e-16,
      -0.9999999999999998,
      3.469446951953614e-18,
      4.163336342344337e-17,
      0.0,
      -4.163336342344337e-17,
      0.0,
      5.551115123125783e-17,
      -1.734723475976807e-18,
      -4.336808689942018e-19,
      0.0
    ],
    [
      0.08313246535998724,
      -0.0875393633594892,
      0.2481062080329128,
      0.4705349592373218,
      -0.007800729995253923,
      -0.4288551664940748,
      0.04851029954090301,
      -0.19834642308532716,
      9.154488848735367e-17,
