{
  "molecule_name": "Triphenylene",
  "input_smiles": "C1=CC=C2C(=C1)C3=CC=CC=C3C4=CC=CC=C24",
  "energy": -63.186162536206446,
  "homo_energy": -1.710100716628341,
  "lumo_energy": 1.710100716628344,
  "homo_lumo_gap": 3.4202014332566852,
  "molecular_orbitals": [
    [
      -0.11966917384361554,
      -0.33330204757515247,
      -0.004566858145434429,
      0.34457365303640847,
      0.011171312084368898,
      -0.3331460834189994,
      -0.18334381127108124,
      0.01315330396185269,
      0.33307371812557895,
      -0.33251982129146535,
      0.023274010385049726,
      -0.1833438112710776,
      0.004868335200881713,
      -0.33329778040588387,
      0.34457365303638693,
      0.3269485124543808,
      0.06492904831412988,
      0.11966917384361554
    ],
    [
      -0.11966917384361601,
      -0.32744541395223564,
      -0.06237477048261272,
      0.3445736530364033,
      0.2623854869417565,
      -0.2055844530927499,
      0.18334381127108132,
      0.31748561000657294,
      0.10155785813941849,
      0.1355988927516554,
      0.3045062419649804,
      -0.1833438112710808,
      -0.25845021813073776,
      0.21051032245305348,
      -0.3445736530363911,
      -0.3332562408182796,
      -0.007168616796842553,
      -0.11966917384361565
    ],
    [
      -0.18334381127108246,
      -0.3116395171217559,
      -0.11828745698183353,
      0.11966917384361296,
      0.3261449678510912,
      0.06885180503459264,
      0.3445736530363985,
      0.20401964371471815,
      -0.26360405173219503,
      0.23976471582401948,
      -0.2315685474258972,
      0.34457365303639503,
      0.32738886066956135,
      0.06267092643800214,
      0.11966917384361708,
      0.32943814694070894,
      -0.05080962951432179,
      0.18334381127108137
    ],
    [
      -0.3445736530364004,
      -0.2863646112607361,
      -0.17060603895700294,
      -0.18334381127108812,
      0.15689840165083677,
      0.2940986274543291,
      0.11966917384361547,
      -0.1779279544374527,
      -0.2818736492487621,
      -0.2996076176927949,
      -0.1461040264043367,
      -0.11966917384361217,
      -0.16243278824483587,
      -0.29107851245690136,
      0.18334381127107138,
      -0.3156102416720912,
      0.10724405094360663,
      -0.3445736530363975
    ],
    [
      -0.3445736530363991,
      -0.31476343207665497,
      0.10970457118295217,
      -0.1833438112710796,
      -0.3300247238222896,
      0.04684861553057459,
      -0.11966917384361503,
      -0.2241716745319823,
      -0.2466944901059577,
      0.26968520683046676,
      0.1959106947767758,
      -0.11966917384361739,
      -0.3290796157413713,
      0.05308217793782679,
      -0.18334381127108046,
      0.28502406211991316,
      0.1728363246652009,
      0.3445736530363978
    ],
    [
      -0.18334381127108101,
      -0.32903146714147224,
      0.0533798158655512,
      0.11966917384362405,
      -0.2480239249582088,
      -0.22269989618191224,
      -0.3445736530363983,
      -0.30848822019409505,
      0.12627798348322927,
      0.09185806112180984,
      -0.32042660270029605,
      0.34457365303639564,
      0.25219160703688265,
      0.21796904470880124,
      -0.11966917384360765,
      -0.3107066189834859,
      -0.12071664355407619,
      -0.18334381127108118
    ],
    [
      -0.34457365303639775,
      -0.004566858145433809,
      0.33330204757515397,
      -0.1833438112710808,
      -0.33314608341900853,
      -0.011171312084374913,
      0.11966917384361425,
      0.33307371812557957,
      -0.013153303961851675,
      0.023274010385049386,
      0.33251982129146523,
      -0.11966917384361514,
      0.333297780405875,
      0.004868335200877698,
      0.18334381127108115,
      0.06492904831413068,
      -0.32694851245438034,
      -0.3445736530363974
    ],
    [
      -0.1833438112710803,
      0.05337981586555141,
      0.32903146714147385,
      0.11966917384360563,
      -0.222699896181916,
      0.2480239249582108,
      0.34457365303639687,
      0.12627798348323122,
      0.3084882201940967,
      -0.32042660270029333,
      -0.09185806112180728,
      0.34457365303640053,
      -0.21796904470879777,
      0.2521916070368799,
      0.11966917384362448,
      -0.12071664355407677,
      0.31070661898348645,
      0.18334381127108035
    ],
    [
      -0.1196691738436143,
      0.1097045711829529,
      0.3147634320766563,
      0.3445736530363871,
      0.04684861553058036,
      0.33002472382229936,
      0.18334381127108224,
      -0.24669449010595726,
      0.2241716745319836,
      0.1959106947767732,
      -0.2696852068304675,
      -0.18334381127108054,
      -0.05308217793782172,
      -0.32907961574136285,
      -0.34457365303640863,
      0.1728363246652018,
      -0.2850240621199141,
      -0.11966917384361511
    ],
    [
      -0.11966917384361449,
      0.16269600861815253,
      0.290931469406171,
      0.3445736530363931,
      0.28292731536996707,
      0.17624768176818206,
      -0.1833438112710782,
      -0.29502695321061534,
      -0.15514576368812716,
      0.1864157948871274,
      0.2763336073077452,
      -0.1833438112710836,
      0.28621017725601355,
      0.17086499216103093,
      0.34457365303640275,
      -0.21970446151077438,
      0.2506811933579625,
      0.11966917384361492
    ],
    [
      -0.18334381127107952,
      0.21074401015964161,
      0.258259701256206,
      0.1196691738436194,
      0.31687572999279995,
      -0.10344507166917175,
      -0.3445736530363964,
      0.04488416846189772,
      -0.33029762719795047,
      -0.323426608547701,
      0.08066188687627883,
      0.3445736530364002,
      -0.31486253347488563,
      0.10941981596076737,
      -0.11966917384361059,
      0.2598969894691644,
      -0.20872150338663317,
      -0.1833438112710805
    ],
    [
      -0.3445736530363964,
      0.2523886615940451,
      0.21774084276928543,
      -0.18334381127107155,
      0.12444027072953093,
      -0.30923410247234157,
      -0.11966917384361649,
      0.32572953267139887,
      -0.07079111990061464,
      0.03482103513451182,
      -0.3315095875284336,
      -0.11966917384361499,
      0.118569293288326,
      -0.311532396068556,
      -0.1833438112710916,
      -0.292192678916756,
      0.16041991615307827,
      0.34457365303639687
    ],
    [
      -0.34457365303639526,
      0.29093146940617176,
      -0.16269600861815098,
      -0.18334381127107363,
      0.17624768176817202,
      -0.2829273153699716,
      0.11966917384361284,
      -0.15514576368812688,
      0.29502695321061667,
      0.27633360730774476,
      -0.18641579488712856,
      -0.1196691738436185,
      -0.17086499216103967,
      0.2862101772560096,
      0.18334381127108876,
      0.2506811933579627,
      0.2197044615107744,
      -0.3445736530363974
    ],
    [
      -0.1833438112710797,
      0.2582597012562077,
      -0.21074401015964034,
      0.11966917384362209,
      -0.10344507166917517,
      -0.3168757299927971,
      0.34457365303639714,
      -0.33029762719794903,
      -0.04488416846189482,
      0.08066188687628274,
      0.3234266085477035,
      0.34457365303639825,
      -0.10941981596076393,
      -0.31486253347488796,
      0.11966917384360506,
      -0.208721503386633,
      -0.25989698946916423,
      0.18334381127108035
    ],
    [
      -0.11966917384361454,
      0.21774084276928732,
      -0.2523886615940433,
      0.34457365303640003,
      -0.30923410247233696,
      -0.12444027072952209,
      0.18334381127108318,
      -0.07079111990061517,
      -0.32572953267139704,
      -0.33150958752843634,
      -0.034821035134511985,
      -0.18334381127107693,
      0.31153239606856037,
      0.11856929328833368,
      -0.34457365303639287,
      0.1604199161530782,
      0.29219267891675577,
      -0.11966917384361496
    ],
    [
      -0.11966917384361457,
      0.17060603895700469,
      -0.2863646112607363,
      0.3445736530363936,
      -0.29409862745433607,
      0.15689840165084698,
      -0.18334381127107835,
