MO_index,Energy_eV,Occupation
1,-7.001969407002883,2.0
2,-4.9999999999999964,2.0
3,-4.9999999999999964,2.0
4,-4.681224112610651,2.0
5,-3.307273019023639,2.0
6,-2.9681494527146155,2.0
7,-2.5000000000000098,2.0
8,-1.3144019691270588,2.0
9,-1.1545331084258175,2.0
10,1.1545331084258228,0.0
11,1.3144019691270659,0.0
12,2.4999999999999982,0.0
13,2.968149452714619,0.0
14,3.3072730190236417,0.0
15,4.681224112610665,0.0
16,4.999999999999999,0.0
17,5.0,0.0
18,7.0019694070028775,0.0
