MO_index,Energy_eV,Occupation
1,-6.8018039549773475,2.0
2,-4.941728738561149,2.0
3,-4.890440473631647,2.0
4,-4.6325978695570145,2.0
5,-3.294929241288373,2.0
6,-3.094246669369711,2.0
7,-2.5000000000000115,2.0
8,-1.431407075931605,2.0
9,-1.2320026479694102,2.0
10,0.8299427621705382,0.0
11,0.9873787456278267,0.0
12,2.062697381673935,0.0
13,2.499999999999999,0.0
14,3.1630210626431006,0.0
15,3.4978991416804743,0.0
16,4.617728089380403,0.0
17,4.826114409889618,0.0
18,6.584375078220399,0.0
