MO_index,Energy_eV,Occupation
1,-6.577592296366927,2.0
2,-4.887059450274446,2.0
3,-4.770060304539182,2.0
4,-4.610273963363564,2.0
5,-3.281380703424418,2.0
6,-3.1813344076402625,2.0
7,-2.499999999999998,2.0
8,-1.5232432924574892,2.0
9,-1.3485339826235219,2.0
10,0.45245998592006575,0.0
11,0.9167668963496292,0.0
12,1.3450755942710328,0.0
13,2.5,0.0
14,2.817091157037403,0.0
15,3.056087167599533,0.0
16,3.8333414103371726,0.0
17,4.339687305615937,0.0
18,5.918968883559058,0.0
